,Title,url,ID,CC,Subtitle
0,YT83_Zakaryia_and_his_Son_Yahya_Part_1_of_the_series_3issa_Son_of_Maryam_Amazing_Quran_Evidence,https://www.youtube.com/watch?v=mf6A5RF9JeE,mf6A5RF9JeE,not available,not available
1,YT82_Interpretation_of_Ayatul_Kursi_Did_Solomon_Slaughter_his_horses_Expanded_definition_of_3arsh,https://www.youtube.com/watch?v=PcHG3jqtZE8,PcHG3jqtZE8,not available,not available
2,YT81_Who_Was_Abou_Lahab_The_true_identity_of_this_character_in_Surah_Al_Massad_Quran_Chapter_111,https://www.youtube.com/watch?v=BLfAyNy1ouo,BLfAyNy1ouo,automatic,https://www.youtube.com/api/timedtext?v=BLfAyNy1ouo&asr_langs=de%2Cen%2Ces%2Cfr%2Cid%2Cit%2Cja%2Cko%2Cnl%2Cpt%2Cru%2Ctr%2Cvi&caps=asr&exp=xftt%2Cxctw&xoaf=5&hl=en&ip=0.0.0.0&ipbits=0&expire=1638907129&sparams=ip%2Cipbits%2Cexpire%2Cv%2Casr_langs%2Ccaps%2Cexp%2Cxoaf&signature=6039EDB1D91E704EFEC6CE621032E24402CFE9D8.7D0C9A4FE0EEFDE7F2FCC4F5A5E7730982BABCCF&key=yt8&kind=asr&lang=en&tlang=ar&fmt=ttml
3,YT80_Who_Was_Ishmael_How_we_were_taught_the_wrong_story_of_Issmail_for1400years_Irrefutable_evidence,https://www.youtube.com/watch?v=3KMM8pE_A5M,3KMM8pE_A5M,automatic,https://www.youtube.com/api/timedtext?v=3KMM8pE_A5M&asr_langs=de%2Cen%2Ces%2Cfr%2Cid%2Cit%2Cja%2Cko%2Cnl%2Cpt%2Cru%2Ctr%2Cvi&caps=asr&exp=xftt%2Cxctw&xoaf=5&hl=en&ip=0.0.0.0&ipbits=0&expire=1638907129&sparams=ip%2Cipbits%2Cexpire%2Cv%2Casr_langs%2Ccaps%2Cexp%2Cxoaf&signature=9F3A4A20E9A9644C428AE10BD9768C42104D21A5.094769E0F6D92DE20216A2A81266093D86B69DC8&key=yt8&kind=asr&lang=en&tlang=ar&fmt=ttml
4,YT79_Frequently_Asked_Questions_about_Avoiding_Allahhumma,https://www.youtube.com/watch?v=yvXfpP5C6Lo,yvXfpP5C6Lo,not available,not available
5,YT78_Were_Muslims_duped_into_cursing_each_other_for_1400_years_using_secret_Hebrew_word_in_supplicat,https://www.youtube.com/watch?v=tyI1QKJgrSs,tyI1QKJgrSs,not available,not available
6,YT77_Were_Jesus_s_Disciples_Mentioned_in_the_Quran_Was_there_a_last_supper_in_Quran_Hawariyyoon,https://www.youtube.com/watch?v=5lTPllkxAcY,5lTPllkxAcY,automatic,https://www.youtube.com/api/timedtext?v=5lTPllkxAcY&asr_langs=de%2Cen%2Ces%2Cfr%2Cid%2Cit%2Cja%2Cko%2Cnl%2Cpt%2Cru%2Ctr%2Cvi&caps=asr&exp=xftt%2Cxctw&xoaf=5&hl=en&ip=0.0.0.0&ipbits=0&expire=1638907131&sparams=ip%2Cipbits%2Cexpire%2Cv%2Casr_langs%2Ccaps%2Cexp%2Cxoaf&signature=CF2D4E25156BFD6708DA0CD19805F60422FADC5B.70A042E19B7D235E49D9516B31631E10D36F22E7&key=yt8&kind=asr&lang=en&tlang=ar&fmt=ttml
7,YT76_What_is_Shaytan_and_Qareen_in_the_Quran_Not_the_Bible_s_Satan_or_Devil_Iblees_vs_Shaytan,https://www.youtube.com/watch?v=Q_qtYWkzG_g,Q_qtYWkzG_g,automatic,https://www.youtube.com/api/timedtext?v=Q_qtYWkzG_g&asr_langs=de%2Cen%2Ces%2Cfr%2Cid%2Cit%2Cja%2Cko%2Cnl%2Cpt%2Cru%2Ctr%2Cvi&caps=asr&exp=xftt%2Cxctw&xoaf=5&hl=en&ip=0.0.0.0&ipbits=0&expire=1638907132&sparams=ip%2Cipbits%2Cexpire%2Cv%2Casr_langs%2Ccaps%2Cexp%2Cxoaf&signature=09DB86796C59D8C080D6C26E510990347AE38FF1.13A2301B5DC151B9421B6B242AF1433F2737A0A6&key=yt8&kind=asr&lang=en&tlang=ar&fmt=ttml
8,YT75_Iblees_and_the_seven_gateways_to_Jahannam_Is_belief_in_Jinn_required_for_us,https://www.youtube.com/watch?v=pWmG78AF7HI,pWmG78AF7HI,not available,not available
9,YT74_Who_or_What_is_Iblees_What_is_Jinn_a_dam_s_Zawj_in_Al_Baqarah_2_35_What_is_Iblees_s_strategy,https://www.youtube.com/watch?v=qp-89JSbH7c,qp-89JSbH7c,automatic,https://www.youtube.com/api/timedtext?v=qp-89JSbH7c&asr_langs=de%2Cen%2Ces%2Cfr%2Cid%2Cit%2Cja%2Cko%2Cnl%2Cpt%2Cru%2Ctr%2Cvi&caps=asr&exp=xftt%2Cxctw&xoaf=5&hl=en&ip=0.0.0.0&ipbits=0&expire=1638907134&sparams=ip%2Cipbits%2Cexpire%2Cv%2Casr_langs%2Ccaps%2Cexp%2Cxoaf&signature=2A0B7BECD42F5D042B761D3408BC3C9C0F7DF4E0.1EEA3D4323CB326C6942A03C3C664F8458BB7986&key=yt8&kind=asr&lang=en&tlang=ar&fmt=ttml
10,YT73_Did_Muhammad_S_challenge_Jewish_rabbis_using_their_secret_locution_Quran_SurahAl_Baqarah2_32_33,https://www.youtube.com/watch?v=eGS8COmntl4,eGS8COmntl4,automatic,https://www.youtube.com/api/timedtext?v=eGS8COmntl4&asr_langs=de%2Cen%2Ces%2Cfr%2Cid%2Cit%2Cja%2Cko%2Cnl%2Cpt%2Cru%2Ctr%2Cvi&caps=asr&exp=xftt%2Cxctw&xoaf=4&hl=en&ip=0.0.0.0&ipbits=0&expire=1638907135&sparams=ip%2Cipbits%2Cexpire%2Cv%2Casr_langs%2Ccaps%2Cexp%2Cxoaf&signature=3BA3C274E63B62CC131823C34E70B9B4DC7ACBBE.209F62151C331C3F06D095DCF61F53EF9B926FFE&key=yt8&kind=asr&lang=en&tlang=ar&fmt=ttml
11,YT72_Intro_to_story_of_Adam_Interpretation_of_Quran_Al_Baqarah_Verse_2_31_and_Quran_Verses_33_70_73,https://www.youtube.com/watch?v=5zBd4-s_PyI,5zBd4-s_PyI,manual,https://www.youtube.com/api/timedtext?v=5zBd4-s_PyI&asr_langs=de%2Cen%2Ces%2Cfr%2Cid%2Cit%2Cja%2Cko%2Cnl%2Cpt%2Cru%2Ctr%2Cvi&caps=asr&exp=xftt%2Cxctw&xoaf=5&hl=en&ip=0.0.0.0&ipbits=0&expire=1638907135&sparams=ip%2Cipbits%2Cexpire%2Cv%2Casr_langs%2Ccaps%2Cexp%2Cxoaf&signature=1B172B99365AE682DB1BB33E84939C8F7D929062.A8DDBE428380733A693196181BAB453AD47B5EA7&key=yt8&lang=en-US&fmt=vtt
12,YT71_Did_the_angels_question_God_Interpretation_of_Quran_Al_Baqarah_2_30_with_new_powerful_evidence,https://www.youtube.com/watch?v=84DtXTHKMP4,84DtXTHKMP4,manual,https://www.youtube.com/api/timedtext?v=84DtXTHKMP4&asr_langs=de%2Cen%2Ces%2Cfr%2Cid%2Cit%2Cja%2Cko%2Cnl%2Cpt%2Cru%2Ctr%2Cvi&caps=asr&exp=xftt%2Cxctw&xoaf=5&hl=en&ip=0.0.0.0&ipbits=0&expire=1638907136&sparams=ip%2Cipbits%2Cexpire%2Cv%2Casr_langs%2Ccaps%2Cexp%2Cxoaf&signature=DE1ACEB49DD12C658F9AB7B90A5DCE45AB9A7D21.2F15F6FDFFDE32258CC88D54229950C6CAD3B47B&key=yt8&lang=en-US&fmt=vtt
13,YT70_What_is_with_the_Mosquito_Surah_Al_Baqarah_Verse_2_26_27_A_prelude_to_Story_of_Adam_in_Quran,https://www.youtube.com/watch?v=6A9pfjl0G1M,6A9pfjl0G1M,automatic,https://www.youtube.com/api/timedtext?v=6A9pfjl0G1M&asr_langs=de%2Cen%2Ces%2Cfr%2Cid%2Cit%2Cja%2Cko%2Cnl%2Cpt%2Cru%2Ctr%2Cvi&caps=asr&exp=xftt%2Cxctw&xoaf=5&hl=en&ip=0.0.0.0&ipbits=0&expire=1638907137&sparams=ip%2Cipbits%2Cexpire%2Cv%2Casr_langs%2Ccaps%2Cexp%2Cxoaf&signature=7B2CB68B408F9B9E15C1676BCB897B3796E7ACFA.0214F291FE68AE950E0FF26F4BCB19DC79C7FDF6&key=yt8&kind=asr&lang=en&tlang=ar&fmt=ttml
14,YT69_What_is_the_correct_interpretation_of_Quran3_7_How_does_it_teach_us_to_do_proper_supplication,https://www.youtube.com/watch?v=mMqfaeiIIDw,mMqfaeiIIDw,not available,not available
15,MS8_Why_Never_to_Celebrate_Hijri_New_Year_Why_we_should_celebrate_values_of_peaceful_reconciliation,https://www.youtube.com/watch?v=09PXw0iWRb0,09PXw0iWRb0,manual,https://www.youtube.com/api/timedtext?v=09PXw0iWRb0&asr_langs=de%2Cen%2Ces%2Cfr%2Cid%2Cit%2Cja%2Cko%2Cnl%2Cpt%2Cru%2Ctr%2Cvi&caps=asr&exp=xftt%2Cxctw&xoaf=4&hl=en&ip=0.0.0.0&ipbits=0&expire=1638907138&sparams=ip%2Cipbits%2Cexpire%2Cv%2Casr_langs%2Ccaps%2Cexp%2Cxoaf&signature=4BF93144F1B80343506757F36E909D4B137CB286.7D2F12ABC0FAF56D2A3154662E408F9DE8E79DA0&key=yt8&lang=en-US&fmt=vtt
16,YT68_How_to_Circumcise_a_she_cow_Story_of_the_cow_Quran_2_67_71_Why_No_Stories_No_Quran_Part_2_2,https://www.youtube.com/watch?v=bwPSlOxhrzA,bwPSlOxhrzA,not available,not available
17,YT67_How_Traditional_Arabic_caused_confusion_in_understanding_Quran_Why_No_Stories_No_Quran_Part_2_1,https://www.youtube.com/watch?v=R0oOe67ktHY,R0oOe67ktHY,not available,not available
18,MS66_2_What_conditions_apply_to_those_who_interpret_the_Quran_Who_are_Ahluz_Zikr_in_Quran_Verse16_43,https://www.youtube.com/watch?v=JNDbtiHSp3M,JNDbtiHSp3M,manual,https://www.youtube.com/api/timedtext?v=JNDbtiHSp3M&asr_langs=de%2Cen%2Ces%2Cfr%2Cid%2Cit%2Cja%2Cko%2Cnl%2Cpt%2Cru%2Ctr%2Cvi&caps=asr&exp=xftt%2Cxctw&xoaf=5&hl=en&ip=0.0.0.0&ipbits=0&expire=1638907140&sparams=ip%2Cipbits%2Cexpire%2Cv%2Casr_langs%2Ccaps%2Cexp%2Cxoaf&signature=CFB6DB044061A572B7009ADEE82FF0EBF8BA2AFC.E2012E1FCBF1A6DBCAB941AAE718D3A3DF8DEF6E&key=yt8&lang=en-US&fmt=vtt
19,MS66_1_Why_Zikr_is_not_what_they_taught_us_A_beautiful_cure_for_forgetfulness_Quranic_stories_Role,https://www.youtube.com/watch?v=bE9qSCeCHCk,bE9qSCeCHCk,manual,https://www.youtube.com/api/timedtext?v=bE9qSCeCHCk&asr_langs=de%2Cen%2Ces%2Cfr%2Cid%2Cit%2Cja%2Cko%2Cnl%2Cpt%2Cru%2Ctr%2Cvi&caps=asr&exp=xftt%2Cxctw&xoaf=5&hl=en&ip=0.0.0.0&ipbits=0&expire=1638907141&sparams=ip%2Cipbits%2Cexpire%2Cv%2Casr_langs%2Ccaps%2Cexp%2Cxoaf&signature=77E4CE73F63CC7B634B03F84FC32B5C1EEE3E887.7FDCF688580FDF97C454452FD87EB82328DD07C6&key=yt8&lang=en-US&fmt=vtt
20,YT66_What_does_the_story_of_Noah_s_Nuh_son_teach_us_about_the_whole_Quran_and_about_Supplication,https://www.youtube.com/watch?v=TCKaoJ2T_AI,TCKaoJ2T_AI,manual,https://www.youtube.com/api/timedtext?v=TCKaoJ2T_AI&asr_langs=de%2Cen%2Ces%2Cfr%2Cid%2Cit%2Cja%2Cko%2Cnl%2Cpt%2Cru%2Ctr%2Cvi&caps=asr&exp=xftt%2Cxctw&xoaf=5&hl=en&ip=0.0.0.0&ipbits=0&expire=1638907142&sparams=ip%2Cipbits%2Cexpire%2Cv%2Casr_langs%2Ccaps%2Cexp%2Cxoaf&signature=A04105B6718601BF8AD204522E3E2B603B42A3FB.67720D9F5C6E5E5BABB249E36D313BB00290A8B4&key=yt8&lang=en-US&fmt=vtt
21,MS50_1_Why_I_will_Not_Celebrate_This_Eid_or_future_Eids_until_What_every_Muslim_should_know_NOW,https://www.youtube.com/watch?v=-ZSnRlHTqzI,-ZSnRlHTqzI,manual,https://www.youtube.com/api/timedtext?v=-ZSnRlHTqzI&asr_langs=de%2Cen%2Ces%2Cfr%2Cid%2Cit%2Cja%2Cko%2Cnl%2Cpt%2Cru%2Ctr%2Cvi&caps=asr&exp=xftt%2Cxctw&xoaf=5&hl=en&ip=0.0.0.0&ipbits=0&expire=1638907142&sparams=ip%2Cipbits%2Cexpire%2Cv%2Casr_langs%2Ccaps%2Cexp%2Cxoaf&signature=BAEFA713E3E08F326B674BF81279DE4911A1C94A.1460D563F528DF99FB2B9807916ACD2D79250BB1&key=yt8&lang=en-US&fmt=vtt
22,YT65_Did_God_order_Abraham_Ibrahim_to_slaughter_his_son_What_did_Pharaoh_do_to_Israelite_boys,https://www.youtube.com/watch?v=zhahZQAQh-8,zhahZQAQh-8,manual,https://www.youtube.com/api/timedtext?v=zhahZQAQh-8&asr_langs=de%2Cen%2Ces%2Cfr%2Cid%2Cit%2Cja%2Cko%2Cnl%2Cpt%2Cru%2Ctr%2Cvi&caps=asr&exp=xftt%2Cxctw&xoaf=4&hl=en&ip=0.0.0.0&ipbits=0&expire=1638907143&sparams=ip%2Cipbits%2Cexpire%2Cv%2Casr_langs%2Ccaps%2Cexp%2Cxoaf&signature=6741AE57C72C9E55C518CFA6B8C0331E0866CD7B.D516FF2C82A1DF26DD36E944E7CC4341764AC357&key=yt8&lang=en-US&fmt=vtt
23,MS54_1_Are_some_verses_in_the_Quran_eliminated_abrogated_irrelevant_What_is_is_not_abrogated,https://www.youtube.com/watch?v=AwoJ5lTplSk,AwoJ5lTplSk,manual,https://www.youtube.com/api/timedtext?v=AwoJ5lTplSk&asr_langs=de%2Cen%2Ces%2Cfr%2Cid%2Cit%2Cja%2Cko%2Cnl%2Cpt%2Cru%2Ctr%2Cvi&caps=asr&exp=xftt%2Cxctw&xoaf=5&hl=en&ip=0.0.0.0&ipbits=0&expire=1638907144&sparams=ip%2Cipbits%2Cexpire%2Cv%2Casr_langs%2Ccaps%2Cexp%2Cxoaf&signature=A88218215231B4AF9740042386558BBFA0474E8A.341625E5BCC986AEF78E6CFC7AAA7497E8CB90F0&key=yt8&lang=en-US&fmt=vtt
24,MS63_2_What_is_the_self_correcting_methodology_Which_Tafseer_Used_It_منهاج_الص_راط_الم_س_ت_ق_يم,https://www.youtube.com/watch?v=HtjLfK9Sn0c,HtjLfK9Sn0c,manual,https://www.youtube.com/api/timedtext?v=HtjLfK9Sn0c&asr_langs=de%2Cen%2Ces%2Cfr%2Cid%2Cit%2Cja%2Cko%2Cnl%2Cpt%2Cru%2Ctr%2Cvi&caps=asr&exp=xftt%2Cxctw&xoaf=5&hl=en&ip=0.0.0.0&ipbits=0&expire=1638907144&sparams=ip%2Cipbits%2Cexpire%2Cv%2Casr_langs%2Ccaps%2Cexp%2Cxoaf&signature=6D37F557C27D4591E0300242D5B9D33AA31F0DC2.67BE085661C209735245786602FF115BB4DD5736&key=yt8&lang=en-US&fmt=vtt
25,MS63_1_10_Tough_Questions_Answered_by1Single_Verse_of_Quran_Why_Muhammad_SAWS_did_not_explain_Quran,https://www.youtube.com/watch?v=W0fIyuhklB4,W0fIyuhklB4,manual,https://www.youtube.com/api/timedtext?v=W0fIyuhklB4&asr_langs=de%2Cen%2Ces%2Cfr%2Cid%2Cit%2Cja%2Cko%2Cnl%2Cpt%2Cru%2Ctr%2Cvi&caps=asr&exp=xftt%2Cxctw&xoaf=5&hl=en&ip=0.0.0.0&ipbits=0&expire=1638907145&sparams=ip%2Cipbits%2Cexpire%2Cv%2Casr_langs%2Ccaps%2Cexp%2Cxoaf&signature=633387A8DB3CDF15C6778C2112A77D07E3587527.B3DAB0EACCCD505E860A75C3DF15C0A6F06C1B71&key=yt8&lang=en-US&fmt=vtt
26,MS59_1_Salafis_vs_Quranists_Who_is_right_A_way_to_resolve_1200_year_old_disagreements_among_Muslims,https://www.youtube.com/watch?v=rXdzcgiBxQU,rXdzcgiBxQU,manual,https://www.youtube.com/api/timedtext?v=rXdzcgiBxQU&asr_langs=de%2Cen%2Ces%2Cfr%2Cid%2Cit%2Cja%2Cko%2Cnl%2Cpt%2Cru%2Ctr%2Cvi&caps=asr&exp=xftt%2Cxctw&xoaf=4&hl=en&ip=0.0.0.0&ipbits=0&expire=1638907146&sparams=ip%2Cipbits%2Cexpire%2Cv%2Casr_langs%2Ccaps%2Cexp%2Cxoaf&signature=DAF3223915363E8FFE1042F89BB091489A14895E.7FA2CE5D04544189164A30EA3E0F742269AB4D87&key=yt8&lang=en-US&fmt=vtt
27,YT64_Why_are_only_five_fruit_types_mentioned_in_the_Quran_What_is_Zikr_and_what_do_fruits_represent,https://www.youtube.com/watch?v=MEvSVYodS8A,MEvSVYodS8A,manual,https://www.youtube.com/api/timedtext?v=MEvSVYodS8A&asr_langs=de%2Cen%2Ces%2Cfr%2Cid%2Cit%2Cja%2Cko%2Cnl%2Cpt%2Cru%2Ctr%2Cvi&caps=asr&exp=xftt%2Cxctw&xoaf=5&hl=en&ip=0.0.0.0&ipbits=0&expire=1638907147&sparams=ip%2Cipbits%2Cexpire%2Cv%2Casr_langs%2Ccaps%2Cexp%2Cxoaf&signature=9D29EF2E89A814ACC22A8C1548D020081B9CA829.47D2940D4793CC24655D3C76E8C547BB46CCB74D&key=yt8&lang=en-US&fmt=vtt
28,YT63_What_is_the_coming_promise_mentioned_in_Surah_Abasa_ch_80_Is_it_about_you_Part_4,https://www.youtube.com/watch?v=1V_xiGcv3Ho,1V_xiGcv3Ho,manual,https://www.youtube.com/api/timedtext?v=1V_xiGcv3Ho&asr_langs=de%2Cen%2Ces%2Cfr%2Cid%2Cit%2Cja%2Cko%2Cnl%2Cpt%2Cru%2Ctr%2Cvi&caps=asr&exp=xftt%2Cxctw&xoaf=5&hl=en&ip=0.0.0.0&ipbits=0&expire=1638907147&sparams=ip%2Cipbits%2Cexpire%2Cv%2Casr_langs%2Ccaps%2Cexp%2Cxoaf&signature=36B5A74582A313C42403DF6CC7C944DF340BADD6.492E9776848C20683B304E5B403FC0AC03E51553&key=yt8&lang=en-US&fmt=vtt
29,YT62_New_Evidence_of_who_was_the_man_who_frowned_in_Surah_Abasa_ch_80_It_was_Not_Muhammad_Part_3,https://www.youtube.com/watch?v=_38cs71cR9g,_38cs71cR9g,manual,https://www.youtube.com/api/timedtext?v=_38cs71cR9g&asr_langs=de%2Cen%2Ces%2Cfr%2Cid%2Cit%2Cja%2Cko%2Cnl%2Cpt%2Cru%2Ctr%2Cvi&caps=asr&exp=xftt%2Cxctw&xoaf=5&hl=en&ip=0.0.0.0&ipbits=0&expire=1638907148&sparams=ip%2Cipbits%2Cexpire%2Cv%2Casr_langs%2Ccaps%2Cexp%2Cxoaf&signature=741FBB59DFDDF53145EFF154D721D7BB458EC768.55659BDBDE7F0D1F58E62C07267709C7F93AF7B5&key=yt8&lang=en-US&fmt=vtt
30,YT61_Was_the_man_who_frowned_the_same_man_who_died_for_100_years_Surah_Abasa_Surah_80_2_259_Part_2,https://www.youtube.com/watch?v=dShNJa7LF9w,dShNJa7LF9w,manual,https://www.youtube.com/api/timedtext?v=dShNJa7LF9w&asr_langs=de%2Cen%2Ces%2Cfr%2Cid%2Cit%2Cja%2Cko%2Cnl%2Cpt%2Cru%2Ctr%2Cvi&caps=asr&exp=xftt%2Cxctw&xoaf=5&hl=en&ip=0.0.0.0&ipbits=0&expire=1638907149&sparams=ip%2Cipbits%2Cexpire%2Cv%2Casr_langs%2Ccaps%2Cexp%2Cxoaf&signature=B5B628CA7C7123FE980752CEE6622200DD1F9493.DDA612AA1D81F9DAC467D1579A4D4CB9D29F12C8&key=yt8&lang=en-US&fmt=vtt
31,YT60_Did_Mohammad_Frown_and_Reject_the_Blind_Man_Surah_Abasa_Surah_80_Part_1,https://www.youtube.com/watch?v=Btu7ZojRtQE,Btu7ZojRtQE,manual,https://www.youtube.com/api/timedtext?v=Btu7ZojRtQE&asr_langs=de%2Cen%2Ces%2Cfr%2Cid%2Cit%2Cja%2Cko%2Cnl%2Cpt%2Cru%2Ctr%2Cvi&caps=asr&exp=xftt%2Cxctw&xoaf=5&hl=en&ip=0.0.0.0&ipbits=0&expire=1638907149&sparams=ip%2Cipbits%2Cexpire%2Cv%2Casr_langs%2Ccaps%2Cexp%2Cxoaf&signature=044377B8EF4F235D904F13C6A7E23E26D6F727F9.4C32CA52867DF6EA182504E60D9C86F1E111B464&key=yt8&lang=en-US&fmt=vtt
32,YT59_How_Malcolm_X_was_transformed_by_the_Quran_How_it_relates_to_Moses_At_Toor_Salafis_vsQuranists,https://www.youtube.com/watch?v=cImOyz1hlww,cImOyz1hlww,manual,https://www.youtube.com/api/timedtext?v=cImOyz1hlww&asr_langs=de%2Cen%2Ces%2Cfr%2Cid%2Cit%2Cja%2Cko%2Cnl%2Cpt%2Cru%2Ctr%2Cvi&caps=asr&exp=xftt%2Cxctw&xoaf=5&hl=en&ip=0.0.0.0&ipbits=0&expire=1638907150&sparams=ip%2Cipbits%2Cexpire%2Cv%2Casr_langs%2Ccaps%2Cexp%2Cxoaf&signature=8572C6C459A68C5F4EC67C7BC396D5C2C5793583.59E1CDFB478AB535F0749434BF15302499D4C57D&key=yt8&lang=en-US&fmt=vtt
33,YT58_Surah_Al_Kahf_Surah_18_Who_were_Yajuj_and_Majuj_What_was_David_s_scripture_Truth_of_eschatology,https://www.youtube.com/watch?v=UKIeGG5nPUM,UKIeGG5nPUM,manual,https://www.youtube.com/api/timedtext?v=UKIeGG5nPUM&asr_langs=de%2Cen%2Ces%2Cfr%2Cid%2Cit%2Cja%2Cko%2Cnl%2Cpt%2Cru%2Ctr%2Cvi&caps=asr&exp=xftt%2Cxctw&xoaf=5&hl=en&ip=0.0.0.0&ipbits=0&expire=1638907151&sparams=ip%2Cipbits%2Cexpire%2Cv%2Casr_langs%2Ccaps%2Cexp%2Cxoaf&signature=23AFCC8906DA9CB775DFB68C2B4BB64FB6CE89D3.B14E8587A52695E50BB20C687DD05DA2D4FFCA59&key=yt8&lang=en-US&fmt=vtt
34,YT57_Surah_Al_Kahf_Surah_18_Who_was_Zul_Qarnayn_What_is_Wahy_Purposes_of_Quranic_stories,https://www.youtube.com/watch?v=f_k-Kv56KB8,f_k-Kv56KB8,manual,https://www.youtube.com/api/timedtext?v=f_k-Kv56KB8&asr_langs=de%2Cen%2Ces%2Cfr%2Cid%2Cit%2Cja%2Cko%2Cnl%2Cpt%2Cru%2Ctr%2Cvi&caps=asr&exp=xftt%2Cxctw&xoaf=5&hl=en&ip=0.0.0.0&ipbits=0&expire=1638907152&sparams=ip%2Cipbits%2Cexpire%2Cv%2Casr_langs%2Ccaps%2Cexp%2Cxoaf&signature=0CC15D1C291C67090375B4E043D5FF79066C4902.88417D470FECFC7B131A932D28024788673E29C0&key=yt8&lang=en-US&fmt=vtt
35,YT56_Surah_Al_Kahf_Surah_18_Does_the_sun_set_in_a_muddy_pool_Exposing_some_misguided_Quran_tafseer,https://www.youtube.com/watch?v=PBU5316xzns,PBU5316xzns,manual,https://www.youtube.com/api/timedtext?v=PBU5316xzns&asr_langs=de%2Cen%2Ces%2Cfr%2Cid%2Cit%2Cja%2Cko%2Cnl%2Cpt%2Cru%2Ctr%2Cvi&caps=asr&exp=xftt%2Cxctw&xoaf=5&hl=en&ip=0.0.0.0&ipbits=0&expire=1638907152&sparams=ip%2Cipbits%2Cexpire%2Cv%2Casr_langs%2Ccaps%2Cexp%2Cxoaf&signature=1960DF87AC7121EB1A7B7D0E63449B3F02C275C8.71C3C6B398FCC170AE13E80E70A152DE48B680F7&key=yt8&lang=en-US&fmt=vtt
36,YT55_How_to_Know_if_you_can_trust_a_Quran_translation_Quick_Tests_for_everyone_based_on_Surah_Yussuf,https://www.youtube.com/watch?v=4Zk5VCcXZl4,4Zk5VCcXZl4,manual,https://www.youtube.com/api/timedtext?v=4Zk5VCcXZl4&asr_langs=de%2Cen%2Ces%2Cfr%2Cid%2Cit%2Cja%2Cko%2Cnl%2Cpt%2Cru%2Ctr%2Cvi&caps=asr&exp=xftt%2Cxctw&xoaf=5&hl=en&ip=0.0.0.0&ipbits=0&expire=1638907153&sparams=ip%2Cipbits%2Cexpire%2Cv%2Casr_langs%2Ccaps%2Cexp%2Cxoaf&signature=2448D9916187F5FE732D7AB9D63B0AA7D8966ACB.655CC88A53F856CCB1BC2C87FAC0FE6A84076E78&key=yt8&lang=en-US&fmt=vtt
37,YT54_Surah_Al_Kahf_Surah_18_Does_God_Sit_on_a_Throne_Throne_of_Queen_of_Sheba_Abrogation_in_Quran,https://www.youtube.com/watch?v=UoASnmEc4Hs,UoASnmEc4Hs,manual,https://www.youtube.com/api/timedtext?v=UoASnmEc4Hs&asr_langs=de%2Cen%2Ces%2Cfr%2Cid%2Cit%2Cja%2Cko%2Cnl%2Cpt%2Cru%2Ctr%2Cvi&caps=asr&exp=xftt%2Cxctw&xoaf=5&hl=en&ip=0.0.0.0&ipbits=0&expire=1638907154&sparams=ip%2Cipbits%2Cexpire%2Cv%2Casr_langs%2Ccaps%2Cexp%2Cxoaf&signature=1956C65299AAFB7CA864527B673D22432CD41C9B.7127C305CA3DC18029143012A887A509E98379F6&key=yt8&lang=en-US&fmt=vtt
38,YT53_Surah_Al_Kahf_Surah_18_How_Zul_Qarnayn_Became_Powerful_Causation_and_the_Laws_of_Nature,https://www.youtube.com/watch?v=rzisixaWmiU,rzisixaWmiU,manual,https://www.youtube.com/api/timedtext?v=rzisixaWmiU&asr_langs=de%2Cen%2Ces%2Cfr%2Cid%2Cit%2Cja%2Cko%2Cnl%2Cpt%2Cru%2Ctr%2Cvi&caps=asr&exp=xftt%2Cxctw&xoaf=5&hl=en&ip=0.0.0.0&ipbits=0&expire=1638907155&sparams=ip%2Cipbits%2Cexpire%2Cv%2Casr_langs%2Ccaps%2Cexp%2Cxoaf&signature=5D7730D20EE86EB6F0715B3FC83CB1426E057DB0.3448FDDA60F32E83AD0C100F121DFD373B69419A&key=yt8&lang=en-US&fmt=vtt
39,YT52_Surah_Al_Baqarah_Surah_2_Who_Were_Abel_and_Cain_A_Quranic_Story_that_is_a_Gift_to_Mankind,https://www.youtube.com/watch?v=Lrx3zdVUcW8,Lrx3zdVUcW8,manual,https://www.youtube.com/api/timedtext?v=Lrx3zdVUcW8&asr_langs=de%2Cen%2Ces%2Cfr%2Cid%2Cit%2Cja%2Cko%2Cnl%2Cpt%2Cru%2Ctr%2Cvi&caps=asr&exp=xftt%2Cxctw&xoaf=5&hl=en&ip=0.0.0.0&ipbits=0&expire=1638907156&sparams=ip%2Cipbits%2Cexpire%2Cv%2Casr_langs%2Ccaps%2Cexp%2Cxoaf&signature=1B03D1E09B901DCCF6D20084118436367122C405.65707633E36166EAF42C1A5B135F869E292D96FF&key=yt8&lang=en-US&fmt=vtt
40,YT51_What_does_Quran_say_about_taking_from_earlier_scriptures_inc_HADEETH_REFERENCES,https://www.youtube.com/watch?v=Sd7MPfHHRJI,Sd7MPfHHRJI,manual,https://www.youtube.com/api/timedtext?v=Sd7MPfHHRJI&asr_langs=de%2Cen%2Ces%2Cfr%2Cid%2Cit%2Cja%2Cko%2Cnl%2Cpt%2Cru%2Ctr%2Cvi&caps=asr&exp=xftt%2Cxctw&xoaf=5&hl=en&ip=0.0.0.0&ipbits=0&expire=1638907156&sparams=ip%2Cipbits%2Cexpire%2Cv%2Casr_langs%2Ccaps%2Cexp%2Cxoaf&signature=BEA0FCA25A4B8DD3383259E9DB195814EE8AB7A6.23A3EE38428F1C351F5C3B9A467B37F14E8BA5ED&key=yt8&lang=en-US&fmt=vtt
41,YT50_What_was_the_dream_of_Joseph_Yusuf_in_Quran_And_the_dream_interpretation_by_Dr_Hany_Atchan,https://www.youtube.com/watch?v=lVm1g6PZVu4,lVm1g6PZVu4,manual,https://www.youtube.com/api/timedtext?v=lVm1g6PZVu4&asr_langs=de%2Cen%2Ces%2Cfr%2Cid%2Cit%2Cja%2Cko%2Cnl%2Cpt%2Cru%2Ctr%2Cvi&caps=asr&exp=xftt%2Cxctw&xoaf=5&hl=en&ip=0.0.0.0&ipbits=0&expire=1638907157&sparams=ip%2Cipbits%2Cexpire%2Cv%2Casr_langs%2Ccaps%2Cexp%2Cxoaf&signature=D6E9F58BEA6D5E7DB5C8AC1462D5A9AD588FE0C8.CBFCC64CC59DB3BBC8E1C3F9F5EC3AA28F162337&key=yt8&lang=en-US&fmt=vtt
42,YT49_Will_God_Expose_his_Leg_Why_Queen_of_Sheba_Visited_Solomon_by_Dr_Hany_Atchan,https://www.youtube.com/watch?v=noBa4w76O58,noBa4w76O58,not available,not available
43,YT48_Surah_Al_Kahf_Surah_18_Did_God_Order_Al_Khidr_to_Kill_a_Young_Boy_by_Dr_Hany_Atchan,https://www.youtube.com/watch?v=VPzR1Le6iGQ,VPzR1Le6iGQ,manual,https://www.youtube.com/api/timedtext?v=VPzR1Le6iGQ&asr_langs=de%2Cen%2Ces%2Cfr%2Cid%2Cit%2Cja%2Cko%2Cnl%2Cpt%2Cru%2Ctr%2Cvi&caps=asr&exp=xftt%2Cxctw&xoaf=5&hl=en&ip=0.0.0.0&ipbits=0&expire=1638907158&sparams=ip%2Cipbits%2Cexpire%2Cv%2Casr_langs%2Ccaps%2Cexp%2Cxoaf&signature=A55E0F48F218815C9413DD3425FFD7762E12D9AF.8AD37B7414AADDDCEBBB624F36A2D9A6860F7DFB&key=yt8&lang=en-US&fmt=vtt
44,YT47_How_Much_Confidence_do_you_Have_in_the_Quran_Shocking_Details_by_Dr_Hany_Atchan,https://www.youtube.com/watch?v=36BfdomwoRM,36BfdomwoRM,manual,https://www.youtube.com/api/timedtext?v=36BfdomwoRM&asr_langs=de%2Cen%2Ces%2Cfr%2Cid%2Cit%2Cja%2Cko%2Cnl%2Cpt%2Cru%2Ctr%2Cvi&caps=asr&exp=xftt%2Cxctw&xoaf=5&hl=en&ip=0.0.0.0&ipbits=0&expire=1638907159&sparams=ip%2Cipbits%2Cexpire%2Cv%2Casr_langs%2Ccaps%2Cexp%2Cxoaf&signature=4A6773215824FB2F034BE40C964B0F6A662DF05A.49B13ADEFE0E98583F4C441BE8DDB94C0DB6825D&key=yt8&lang=en-US&fmt=vtt
45,YT46_Are_there_72_Virgins_in_Paradise_Hoor_in_the_Quran_by_Dr_Hany_Atchan,https://www.youtube.com/watch?v=BCUIQikPIyY,BCUIQikPIyY,manual,https://www.youtube.com/api/timedtext?v=BCUIQikPIyY&asr_langs=de%2Cen%2Ces%2Cfr%2Cid%2Cit%2Cja%2Cko%2Cnl%2Cpt%2Cru%2Ctr%2Cvi&caps=asr&exp=xftt%2Cxctw&xoaf=5&hl=en&ip=0.0.0.0&ipbits=0&expire=1638907160&sparams=ip%2Cipbits%2Cexpire%2Cv%2Casr_langs%2Ccaps%2Cexp%2Cxoaf&signature=CFF49F2D8DEF0D49D7CEF7C19925B989E7850447.A4DD31D29ACF8C8C993224E407B89245C2AE0C16&key=yt8&lang=en-US&fmt=vtt
46,YT45_Charity_in_Ramadan,https://www.youtube.com/watch?v=N5LFi_K-w-Q,N5LFi_K-w-Q,automatic,https://www.youtube.com/api/timedtext?v=N5LFi_K-w-Q&asr_langs=de%2Cen%2Ces%2Cfr%2Cid%2Cit%2Cja%2Cko%2Cnl%2Cpt%2Cru%2Ctr%2Cvi&caps=asr&exp=xftt%2Cxctw&xoaf=5&hl=en&ip=0.0.0.0&ipbits=0&expire=1638907160&sparams=ip%2Cipbits%2Cexpire%2Cv%2Casr_langs%2Ccaps%2Cexp%2Cxoaf&signature=43A4E74F2130454332A262EDF099FF710A25B2D0.1A7CE704A2AFADBC559F742C01F589EFD01BF4B1&key=yt8&kind=asr&lang=en&tlang=ar&fmt=ttml
47,YT44_Laylatul_Qadr_More_Good_News_by_Dr_Hany_Atchan,https://www.youtube.com/watch?v=7UpHIp1ePwc,7UpHIp1ePwc,automatic,https://www.youtube.com/api/timedtext?v=7UpHIp1ePwc&asr_langs=de%2Cen%2Ces%2Cfr%2Cid%2Cit%2Cja%2Cko%2Cnl%2Cpt%2Cru%2Ctr%2Cvi&caps=asr&exp=xftt%2Cxctw&xoaf=5&hl=en&ip=0.0.0.0&ipbits=0&expire=1638907162&sparams=ip%2Cipbits%2Cexpire%2Cv%2Casr_langs%2Ccaps%2Cexp%2Cxoaf&signature=0C79AD3923E669518AA50A05B334CF5C4E85A21B.277777FC69284556E4AEB9B695E0801B25388FE0&key=yt8&kind=asr&lang=en&tlang=ar&fmt=ttml
48,YT43_365_possible_Laylatul_Qadr_Not_just_one_by_Dr_Hany_Atchan,https://www.youtube.com/watch?v=0X04Fo9wr5M,0X04Fo9wr5M,automatic,https://www.youtube.com/api/timedtext?v=0X04Fo9wr5M&asr_langs=de%2Cen%2Ces%2Cfr%2Cid%2Cit%2Cja%2Cko%2Cnl%2Cpt%2Cru%2Ctr%2Cvi&caps=asr&exp=xftt%2Cxctw&xoaf=5&hl=en&ip=0.0.0.0&ipbits=0&expire=1638907163&sparams=ip%2Cipbits%2Cexpire%2Cv%2Casr_langs%2Ccaps%2Cexp%2Cxoaf&signature=A0F9DEF2DBCA50CF3AEA8B5B000AD116B27A1E6D.7D158BADCA51E637E61E1A50E48539EDCB68D803&key=yt8&kind=asr&lang=en&tlang=ar&fmt=ttml
49,YT42_Secrets_of_Supplication_2_for_Laylatul_Qadr_by_Dr_Hany_Atchan,https://www.youtube.com/watch?v=WIfLBuQh_Wc,WIfLBuQh_Wc,automatic,https://www.youtube.com/api/timedtext?v=WIfLBuQh_Wc&asr_langs=de%2Cen%2Ces%2Cfr%2Cid%2Cit%2Cja%2Cko%2Cnl%2Cpt%2Cru%2Ctr%2Cvi&caps=asr&exp=xftt%2Cxctw&xoaf=5&hl=en&ip=0.0.0.0&ipbits=0&expire=1638907163&sparams=ip%2Cipbits%2Cexpire%2Cv%2Casr_langs%2Ccaps%2Cexp%2Cxoaf&signature=ABF8C67A7C4A5982C87CA9A6BBC716CBE42FBD21.2AD8B1D1871E3C58FD3854D9BDF5A17E1E1D4249&key=yt8&kind=asr&lang=en&tlang=ar&fmt=ttml
50,YT41_Laylatul_Qadr_Night_of_Power_by_Dr_Hany_Atchan,https://www.youtube.com/watch?v=zDjkwFo60Jc,zDjkwFo60Jc,automatic,https://www.youtube.com/api/timedtext?v=zDjkwFo60Jc&asr_langs=de%2Cen%2Ces%2Cfr%2Cid%2Cit%2Cja%2Cko%2Cnl%2Cpt%2Cru%2Ctr%2Cvi&caps=asr&exp=xftt%2Cxctw&xoaf=5&hl=en&ip=0.0.0.0&ipbits=0&expire=1638907165&sparams=ip%2Cipbits%2Cexpire%2Cv%2Casr_langs%2Ccaps%2Cexp%2Cxoaf&signature=53D3931ECB185E928A6F30F0CA33731EE9C30713.A8FC34492C9F62FBE779DFC7548FF9A537C227B6&key=yt8&kind=asr&lang=en&tlang=ar&fmt=ttml
51,YT40_What_is_Spiritual_Courage_Why_some_humans_have_it_By_Dr_Hany_Atchan,https://www.youtube.com/watch?v=FcmpeVKplaM,FcmpeVKplaM,manual,https://www.youtube.com/api/timedtext?v=FcmpeVKplaM&asr_langs=de%2Cen%2Ces%2Cfr%2Cid%2Cit%2Cja%2Cko%2Cnl%2Cpt%2Cru%2Ctr%2Cvi&caps=asr&exp=xftt%2Cxctw&xoaf=5&hl=en&ip=0.0.0.0&ipbits=0&expire=1638907166&sparams=ip%2Cipbits%2Cexpire%2Cv%2Casr_langs%2Ccaps%2Cexp%2Cxoaf&signature=99571C2377D3634DBA8EEC4AE8F05CB4497BD1AE.2526F054FC8FE2EE7C8292F76902F91DD81C97&key=yt8&lang=en-US&fmt=vtt
52,YT39_Health_Benefits_of_Ramadan_Fasting_by_Dr_Hany_Atchan,https://www.youtube.com/watch?v=6OXfJNQ4-zg,6OXfJNQ4-zg,not available,not available
53,YT38_Supplication_Duaa_and_Its_Secrets_by_Dr_Hany_Atchan,https://www.youtube.com/watch?v=zKU5y2JTfiA,zKU5y2JTfiA,automatic,https://www.youtube.com/api/timedtext?v=zKU5y2JTfiA&asr_langs=de%2Cen%2Ces%2Cfr%2Cid%2Cit%2Cja%2Cko%2Cnl%2Cpt%2Cru%2Ctr%2Cvi&caps=asr&exp=xftt%2Cxctw&xoaf=5&hl=en&ip=0.0.0.0&ipbits=0&expire=1638907169&sparams=ip%2Cipbits%2Cexpire%2Cv%2Casr_langs%2Ccaps%2Cexp%2Cxoaf&signature=A89301DCB0140DBAC72C27CBC69AA7BB1F36CE3A.A6F82476A3F8B4E3DDD042853D4F2AEE85FCE8CD&key=yt8&kind=asr&lang=en&tlang=ar&fmt=ttml
54,YT37_Is_The_Quran_like_Software_for_us_humans_By_Dr_Hany_Atchan,https://www.youtube.com/watch?v=CS8wU2tW5p4,CS8wU2tW5p4,manual,https://www.youtube.com/api/timedtext?v=CS8wU2tW5p4&asr_langs=de%2Cen%2Ces%2Cfr%2Cid%2Cit%2Cja%2Cko%2Cnl%2Cpt%2Cru%2Ctr%2Cvi&caps=asr&exp=xftt%2Cxctw&xoaf=5&hl=en&ip=0.0.0.0&ipbits=0&expire=1638907170&sparams=ip%2Cipbits%2Cexpire%2Cv%2Casr_langs%2Ccaps%2Cexp%2Cxoaf&signature=25D5B82C60292AFAE36657A1EA7495947CA23A69.923E8A5589475152684E2D74EEF93F2001B410DF&key=yt8&lang=en-US&fmt=vtt
55,YT36_Asking_Questions_as_an_Essential_Prelude_to_Engage_the_Quran_by_Dr_Hany_Atchan,https://www.youtube.com/watch?v=yQV-M-nWjYs,yQV-M-nWjYs,automatic,https://www.youtube.com/api/timedtext?v=yQV-M-nWjYs&asr_langs=de%2Cen%2Ces%2Cfr%2Cid%2Cit%2Cja%2Cko%2Cnl%2Cpt%2Cru%2Ctr%2Cvi&caps=asr&exp=xftt%2Cxctw&xoaf=5&hl=en&ip=0.0.0.0&ipbits=0&expire=1638907171&sparams=ip%2Cipbits%2Cexpire%2Cv%2Casr_langs%2Ccaps%2Cexp%2Cxoaf&signature=6F0F1C60C41C8E4820BD5FEECBD7CF179EAC1DAA.AD916864C386123413FAA8EE5B2C4B50ECCE6594&key=yt8&kind=asr&lang=en&tlang=ar&fmt=ttml
56,YT35_Witnessing_As_an_Essential_Practice_During_Ramadan_by_Dr_Hany_Atchan,https://www.youtube.com/watch?v=r3C6tfHOldU,r3C6tfHOldU,automatic,https://www.youtube.com/api/timedtext?v=r3C6tfHOldU&asr_langs=de%2Cen%2Ces%2Cfr%2Cid%2Cit%2Cja%2Cko%2Cnl%2Cpt%2Cru%2Ctr%2Cvi&caps=asr&exp=xftt%2Cxctw&xoaf=5&hl=en&ip=0.0.0.0&ipbits=0&expire=1638907172&sparams=ip%2Cipbits%2Cexpire%2Cv%2Casr_langs%2Ccaps%2Cexp%2Cxoaf&signature=CB639E6E5627D8BD6FB3A9D542D30A6842DB094E.EF3504D875AE5081F8442E39605A5792BE9D07E4&key=yt8&kind=asr&lang=en&tlang=ar&fmt=ttml
57,YT34_Islamic_Fast_that_benefits_all_people_By_Dr_Hany_Atchan,https://www.youtube.com/watch?v=R2G42x0K4Bg,R2G42x0K4Bg,not available,not available
58,YT33_Purposes_of_Fasting_According_to_the_Quran_by_Dr_Hany_Atchan,https://www.youtube.com/watch?v=jOQ4gwCOiLU,jOQ4gwCOiLU,automatic,https://www.youtube.com/api/timedtext?v=jOQ4gwCOiLU&asr_langs=de%2Cen%2Ces%2Cfr%2Cid%2Cit%2Cja%2Cko%2Cnl%2Cpt%2Cru%2Ctr%2Cvi&caps=asr&exp=xftt%2Cxctw&xoaf=5&hl=en&ip=0.0.0.0&ipbits=0&expire=1638907174&sparams=ip%2Cipbits%2Cexpire%2Cv%2Casr_langs%2Ccaps%2Cexp%2Cxoaf&signature=DB16C6CB05A25E7A6FCEE25054FA7A34F0572A3F.AF2FBB64743DDE9BC897CA27BD02E09B78CC8810&key=yt8&kind=asr&lang=en&tlang=ar&fmt=ttml
59,YT32_A_Few_Important_Concepts_from_Verses_2_153_156_by_Dr_Hany_Atchan,https://www.youtube.com/watch?v=GwHYKci69h4,GwHYKci69h4,not available,not available
60,YT31_Introduction_to_Devotional_Islamic_Fasting_by_Dr_Hany_Atchan,https://www.youtube.com/watch?v=ZSIboSJz19I,ZSIboSJz19I,automatic,https://www.youtube.com/api/timedtext?v=ZSIboSJz19I&asr_langs=de%2Cen%2Ces%2Cfr%2Cid%2Cit%2Cja%2Cko%2Cnl%2Cpt%2Cru%2Ctr%2Cvi&caps=asr&exp=xftt%2Cxctw&xoaf=5&hl=en&ip=0.0.0.0&ipbits=0&expire=1638907176&sparams=ip%2Cipbits%2Cexpire%2Cv%2Casr_langs%2Ccaps%2Cexp%2Cxoaf&signature=1E5184D5AD5122BF59A66297960EF2B513062885.656056C4DA39EAB023545A8B8EA5ECE9F8A5AFC9&key=yt8&kind=asr&lang=nl&tlang=ar&fmt=ttml
61,YT30_DO_WE_NEED_TO_REINTERPRET_THE_COMPLETE_QURAN_Principles_of_Tafseer_By_Dr_Hany_Atchan,https://www.youtube.com/watch?v=iJP1_vxBZh8,iJP1_vxBZh8,manual,https://www.youtube.com/api/timedtext?v=iJP1_vxBZh8&asr_langs=de%2Cen%2Ces%2Cfr%2Cid%2Cit%2Cja%2Cko%2Cnl%2Cpt%2Cru%2Ctr%2Cvi&caps=asr&exp=xftt%2Cxctw&xoaf=5&hl=en&ip=0.0.0.0&ipbits=0&expire=1638907178&sparams=ip%2Cipbits%2Cexpire%2Cv%2Casr_langs%2Ccaps%2Cexp%2Cxoaf&signature=2FF65A153E641444689A0BC80400FA1FCFF8AA71.9BCE258A04C1BA143D58B8B27243ACB17B46A6BF&key=yt8&lang=en-US&fmt=vtt
62,YT29_DO_YOU_UNDERSTAND_THE_STORY_OF_MOSES_IN_THE_QURAN_Ten_Questions_for_you_by_Dr_Hany_Atchan,https://www.youtube.com/watch?v=VcXCODHYti8,VcXCODHYti8,manual,https://www.youtube.com/api/timedtext?v=VcXCODHYti8&asr_langs=de%2Cen%2Ces%2Cfr%2Cid%2Cit%2Cja%2Cko%2Cnl%2Cpt%2Cru%2Ctr%2Cvi&caps=asr&exp=xftt%2Cxctw&xoaf=5&hl=en&ip=0.0.0.0&ipbits=0&expire=1638907179&sparams=ip%2Cipbits%2Cexpire%2Cv%2Casr_langs%2Ccaps%2Cexp%2Cxoaf&signature=4F4A962B0506D722366A9FA2DA79537F6CAC53D3.90CB9A058882E68984932ECABE4DDB166D8214C7&key=yt8&lang=en-US&fmt=vtt
63,YT28_WHAT_10_PERSONAL_COMPETENCIES_to_take_away_from_RAMADAN_by_Dr_Hany_Atchan,https://www.youtube.com/watch?v=lGKzXqAdyak,lGKzXqAdyak,manual,https://www.youtube.com/api/timedtext?v=lGKzXqAdyak&asr_langs=de%2Cen%2Ces%2Cfr%2Cid%2Cit%2Cja%2Cko%2Cnl%2Cpt%2Cru%2Ctr%2Cvi&caps=asr&exp=xftt%2Cxctw&xoaf=5&hl=en&ip=0.0.0.0&ipbits=0&expire=1638907180&sparams=ip%2Cipbits%2Cexpire%2Cv%2Casr_langs%2Ccaps%2Cexp%2Cxoaf&signature=CCB70EC217ABC7302987B9D726D69AD46B97E791.1EBC08C184094B3870C7E3588CF821750D539728&key=yt8&lang=en-US&fmt=vtt
64,YT27_Selected_Supplications_from_the_Quran_Arabic_English_Translated_by_Dr_Hany_Atchan,https://www.youtube.com/watch?v=I9mTIpVjZDs,I9mTIpVjZDs,not available,not available
65,YT26_How_to_understand_the_Quran_Why_we_need_a_methodology_by_Dr_Hany_Atchan,https://www.youtube.com/watch?v=kAAlwfNmMd4,kAAlwfNmMd4,manual,https://www.youtube.com/api/timedtext?v=kAAlwfNmMd4&asr_langs=de%2Cen%2Ces%2Cfr%2Cid%2Cit%2Cja%2Cko%2Cnl%2Cpt%2Cru%2Ctr%2Cvi&caps=asr&exp=xftt%2Cxctw&xoaf=5&hl=en&ip=0.0.0.0&ipbits=0&expire=1638907181&sparams=ip%2Cipbits%2Cexpire%2Cv%2Casr_langs%2Ccaps%2Cexp%2Cxoaf&signature=2D18B1B0DB26494E67AAABAF99ADBBF79718B709.12EADC77300768A221C95641FFA4680DBE1FD84C&key=yt8&lang=en-US&fmt=vtt
66,YT25_ARE_THEY_HIDING_QURANIC_TRUTHS_FROM_YOU_SURPRISING_ANSWER_by_Dr_Hany_Atchan,https://www.youtube.com/watch?v=RzYVUyq1-Fk,RzYVUyq1-Fk,manual,https://www.youtube.com/api/timedtext?v=RzYVUyq1-Fk&asr_langs=de%2Cen%2Ces%2Cfr%2Cid%2Cit%2Cja%2Cko%2Cnl%2Cpt%2Cru%2Ctr%2Cvi&caps=asr&exp=xftt%2Cxctw&xoaf=5&hl=en&ip=0.0.0.0&ipbits=0&expire=1638907182&sparams=ip%2Cipbits%2Cexpire%2Cv%2Casr_langs%2Ccaps%2Cexp%2Cxoaf&signature=A4DD4DD50DF07E8494E400DA23A683E3714C5CF4.4A5193B36956EA43FAAF8E21D11890524C2E3360&key=yt8&lang=en-US&fmt=vtt
67,YT24_WHY_DO_MUSLIMS_FEEL_ESTRANGED_FROM_THE_QURAN_Top_10_reasons_by_Dr_Hany_Atchan,https://www.youtube.com/watch?v=KX4rf_GyjdE,KX4rf_GyjdE,manual,https://www.youtube.com/api/timedtext?v=KX4rf_GyjdE&asr_langs=de%2Cen%2Ces%2Cfr%2Cid%2Cit%2Cja%2Cko%2Cnl%2Cpt%2Cru%2Ctr%2Cvi&caps=asr&exp=xftt%2Cxctw&xoaf=4&hl=en&ip=0.0.0.0&ipbits=0&expire=1638907183&sparams=ip%2Cipbits%2Cexpire%2Cv%2Casr_langs%2Ccaps%2Cexp%2Cxoaf&signature=124D23CF1EA0B4D8D7F42E8CD15916F2DD07F2F7.9CA18BE01420F234885E6B58F98E3D9EAD90249A&key=yt8&lang=en-US&fmt=vtt
68,YT23_ARE_THERE_EGYPTIAN_HIEROGLYPHS_IN_THE_QURAN_HISTORIC_DISCOVERY_by_Dr_Hany_Atchan,https://www.youtube.com/watch?v=zZVRydgl7CQ,zZVRydgl7CQ,manual,https://www.youtube.com/api/timedtext?v=zZVRydgl7CQ&asr_langs=de%2Cen%2Ces%2Cfr%2Cid%2Cit%2Cja%2Cko%2Cnl%2Cpt%2Cru%2Ctr%2Cvi&caps=asr&exp=xftt%2Cxctw&xoaf=5&hl=en&ip=0.0.0.0&ipbits=0&expire=1638907183&sparams=ip%2Cipbits%2Cexpire%2Cv%2Casr_langs%2Ccaps%2Cexp%2Cxoaf&signature=DE343140C2B6818555BFDC6F92331A625E9118AB.7A2BE57AF7273737A4486EF408091D292E6308E1&key=yt8&lang=en-US&fmt=vtt
69,YT22_WHY_did_Jacob_instruct_his_sons_to_Enter_Through_Multiple_Doors_by_Dr_Hany_Atchan,https://www.youtube.com/watch?v=qTJ2Cm6znkA,qTJ2Cm6znkA,manual,https://www.youtube.com/api/timedtext?v=qTJ2Cm6znkA&asr_langs=de%2Cen%2Ces%2Cfr%2Cid%2Cit%2Cja%2Cko%2Cnl%2Cpt%2Cru%2Ctr%2Cvi&caps=asr&exp=xftt%2Cxctw&xoaf=5&hl=en&ip=0.0.0.0&ipbits=0&expire=1638907185&sparams=ip%2Cipbits%2Cexpire%2Cv%2Casr_langs%2Ccaps%2Cexp%2Cxoaf&signature=3D320F23CE8CC5357C5678F14F6473FA0926592E.271422E8E523F6BD0B83D25ED327BDDDF1640150&key=yt8&lang=en-US&fmt=vtt
70,YT21_Why_did_the_Quran_NOT_MENTION_CHINESE_PROPHETS_Or_AFRICAN_GREEK_INDIAN_SOUTH_AMERICAN_etc,https://www.youtube.com/watch?v=yxqZPv8jmcw,yxqZPv8jmcw,manual,https://www.youtube.com/api/timedtext?v=yxqZPv8jmcw&asr_langs=de%2Cen%2Ces%2Cfr%2Cid%2Cit%2Cja%2Cko%2Cnl%2Cpt%2Cru%2Ctr%2Cvi&caps=asr&exp=xftt%2Cxctw&xoaf=5&hl=en&ip=0.0.0.0&ipbits=0&expire=1638907185&sparams=ip%2Cipbits%2Cexpire%2Cv%2Casr_langs%2Ccaps%2Cexp%2Cxoaf&signature=ECA688D4A2655F0F3E33C6B5490351BEAA033F7B.CA5778AD436B36BF5EB74D9E227D5E3723C9A65F&key=yt8&lang=en-US&fmt=vtt
71,YT20_WHAT_WAS_MOSES_GREATEST_MIRACLE_THAT_STUNNED_PHARAOH_EXCLUSIVE_DISCOVERY_by_Dr_Hany_Atchan,https://www.youtube.com/watch?v=jJisJD0eQHg,jJisJD0eQHg,manual,https://www.youtube.com/api/timedtext?v=jJisJD0eQHg&asr_langs=de%2Cen%2Ces%2Cfr%2Cid%2Cit%2Cja%2Cko%2Cnl%2Cpt%2Cru%2Ctr%2Cvi&caps=asr&exp=xftt%2Cxctw&xoaf=5&hl=en&ip=0.0.0.0&ipbits=0&expire=1638907186&sparams=ip%2Cipbits%2Cexpire%2Cv%2Casr_langs%2Ccaps%2Cexp%2Cxoaf&signature=CEBD9A8AC505F8758A995FCED2C427524B45F4D5.78C97EE3C178385B37F1E2A508177BB3FDB72169&key=yt8&lang=en-US&fmt=vtt
72,YT_19_WHY_OUR_CHILDREN_DON_T_LIKE_RELIGION_and_ISLAM_By_Dr_Hany_Atchan,https://www.youtube.com/watch?v=L2t4EkdSt9o,L2t4EkdSt9o,manual,https://www.youtube.com/api/timedtext?v=L2t4EkdSt9o&asr_langs=de%2Cen%2Ces%2Cfr%2Cid%2Cit%2Cja%2Cko%2Cnl%2Cpt%2Cru%2Ctr%2Cvi&caps=asr&exp=xftt%2Cxctw&xoaf=5&hl=en&ip=0.0.0.0&ipbits=0&expire=1638907187&sparams=ip%2Cipbits%2Cexpire%2Cv%2Casr_langs%2Ccaps%2Cexp%2Cxoaf&signature=5DC62B18AC7FB8B8630BA4634E27D4D21BF1A04B.A940A3DFAE954B30C4515927770EE97CD49AD810&key=yt8&lang=en-US&fmt=vtt
73,YT18_WHY_ARE_THERE_SPELLING_VARIATIONS_IN_THE_QURAN_By_Dr_Hany_Atchan,https://www.youtube.com/watch?v=a7aW57nf25M,a7aW57nf25M,manual,https://www.youtube.com/api/timedtext?v=a7aW57nf25M&asr_langs=de%2Cen%2Ces%2Cfr%2Cid%2Cit%2Cja%2Cko%2Cnl%2Cpt%2Cru%2Ctr%2Cvi&caps=asr&exp=xftt%2Cxctw&xoaf=5&hl=en&ip=0.0.0.0&ipbits=0&expire=1638907188&sparams=ip%2Cipbits%2Cexpire%2Cv%2Casr_langs%2Ccaps%2Cexp%2Cxoaf&signature=85214DE8191B49A9947458A681016597C00071B1.83087822D00AA189CF01104CBD23BA390631FBD4&key=yt8&lang=en-US&fmt=vtt
74,YT17_WAS_PROPHET_MUHAMMAD_ILLITERATE_SURPRISE_ANSWER_by_Dr_Hany_Atchan,https://www.youtube.com/watch?v=MH-nXA9ZFIw,MH-nXA9ZFIw,manual,https://www.youtube.com/api/timedtext?v=MH-nXA9ZFIw&asr_langs=de%2Cen%2Ces%2Cfr%2Cid%2Cit%2Cja%2Cko%2Cnl%2Cpt%2Cru%2Ctr%2Cvi&caps=asr&exp=xftt%2Cxctw&xoaf=5&hl=en&ip=0.0.0.0&ipbits=0&expire=1638907189&sparams=ip%2Cipbits%2Cexpire%2Cv%2Casr_langs%2Ccaps%2Cexp%2Cxoaf&signature=12BC8253B99EF5CA75205230E49C053EC4A71D48.1B4785C7389B1C5B050740D4630B6D00B2831A17&key=yt8&lang=en-US&fmt=vtt
75,YT16_Are_some_Quranic_words_useless_or_extraneous_by_Dr_Hany_Atchan,https://www.youtube.com/watch?v=Hi-agtNQaQA,Hi-agtNQaQA,manual,https://www.youtube.com/api/timedtext?v=Hi-agtNQaQA&asr_langs=de%2Cen%2Ces%2Cfr%2Cid%2Cit%2Cja%2Cko%2Cnl%2Cpt%2Cru%2Ctr%2Cvi&caps=asr&exp=xftt%2Cxctw&xoaf=5&hl=en&ip=0.0.0.0&ipbits=0&expire=1638907190&sparams=ip%2Cipbits%2Cexpire%2Cv%2Casr_langs%2Ccaps%2Cexp%2Cxoaf&signature=A7CCC46ABB96ACAA075DE79EC9509327B5266A36.BE46350FA1BBA0CA9660B847B243FD2E1EE49103&key=yt8&lang=en-US&fmt=vtt
76,YT15_COULD_overlooking_1_LETTER_have_led_us_to_misinterpret_the_Quran_by_Dr_Hany_Atchan,https://www.youtube.com/watch?v=BiIGbRje3N4,BiIGbRje3N4,manual,https://www.youtube.com/api/timedtext?v=BiIGbRje3N4&asr_langs=de%2Cen%2Ces%2Cfr%2Cid%2Cit%2Cja%2Cko%2Cnl%2Cpt%2Cru%2Ctr%2Cvi&caps=asr&exp=xftt%2Cxctw&xoaf=5&hl=en&ip=0.0.0.0&ipbits=0&expire=1638907190&sparams=ip%2Cipbits%2Cexpire%2Cv%2Casr_langs%2Ccaps%2Cexp%2Cxoaf&signature=A3E6A4D017430ACCD96C222D5C7EB68130027B8C.26E07A4F46128E8573163DA25F0A9DCFAB7B50D7&key=yt8&lang=en-US&fmt=vtt
77,YT14_ARE_QURANIC_STORIES_COPIED_FROM_THE_BIBLE_by_Dr_Hany_Atchan,https://www.youtube.com/watch?v=Ee83s9aTZmg,Ee83s9aTZmg,manual,https://www.youtube.com/api/timedtext?v=Ee83s9aTZmg&asr_langs=de%2Cen%2Ces%2Cfr%2Cid%2Cit%2Cja%2Cko%2Cnl%2Cpt%2Cru%2Ctr%2Cvi&caps=asr&exp=xftt%2Cxctw&xoaf=5&hl=en&ip=0.0.0.0&ipbits=0&expire=1638907192&sparams=ip%2Cipbits%2Cexpire%2Cv%2Casr_langs%2Ccaps%2Cexp%2Cxoaf&signature=7451C0145D70F9204B5529B0B88483097E4B7B66.28C6FAA794D6B4C1CC3D59D57936DD1892E7842C&key=yt8&lang=en-US&fmt=vtt
78,YT13_Is_the_Quran_like_any_book_Or_any_other_object_by_Dr_Hany_Atchan,https://www.youtube.com/watch?v=cn7DJD_MbvU,cn7DJD_MbvU,manual,https://www.youtube.com/api/timedtext?v=cn7DJD_MbvU&asr_langs=de%2Cen%2Ces%2Cfr%2Cid%2Cit%2Cja%2Cko%2Cnl%2Cpt%2Cru%2Ctr%2Cvi&caps=asr&exp=xftt%2Cxctw&xoaf=5&hl=en&ip=0.0.0.0&ipbits=0&expire=1638907193&sparams=ip%2Cipbits%2Cexpire%2Cv%2Casr_langs%2Ccaps%2Cexp%2Cxoaf&signature=E4BD1E7B7B1B76BF5D640D6D592F8ACA47FF3E33.5795B94561A5F3A5EC96AB15BDBCFDB2D2C45491&key=yt8&lang=en-US&fmt=vtt
79,YT12_CERTAINTY_vs_FAITH_IS_YOUR_BELIEF_BASED_ON_FAITH_or_is_it_based_on_certainty,https://www.youtube.com/watch?v=J_tp-n8RaEc,J_tp-n8RaEc,manual,https://www.youtube.com/api/timedtext?v=J_tp-n8RaEc&asr_langs=de%2Cen%2Ces%2Cfr%2Cid%2Cit%2Cja%2Cko%2Cnl%2Cpt%2Cru%2Ctr%2Cvi&caps=asr&exp=xftt%2Cxctw&xoaf=5&hl=en&ip=0.0.0.0&ipbits=0&expire=1638907194&sparams=ip%2Cipbits%2Cexpire%2Cv%2Casr_langs%2Ccaps%2Cexp%2Cxoaf&signature=AD4C22E1624FFDFE762B504AE809B08A6A38ED51.2E7EB05A35B424DFD2B5BB8992C26FFD1A7F3526&key=yt8&lang=en-US&fmt=vtt
80,YT11_Are_there_many_paths_to_God_by_Dr_Hany_Atchan,https://www.youtube.com/watch?v=87_N8fuKI2Y,87_N8fuKI2Y,manual,https://www.youtube.com/api/timedtext?v=87_N8fuKI2Y&asr_langs=de%2Cen%2Ces%2Cfr%2Cid%2Cit%2Cja%2Cko%2Cnl%2Cpt%2Cru%2Ctr%2Cvi&caps=asr&exp=xftt%2Cxctw&xoaf=5&hl=en&ip=0.0.0.0&ipbits=0&expire=1638907194&sparams=ip%2Cipbits%2Cexpire%2Cv%2Casr_langs%2Ccaps%2Cexp%2Cxoaf&signature=346520422AFFE94020407EA37786CE0EF4B3840D.018CDAF770D65CA97001A20B11A184D83C85FC2D&key=yt8&lang=en-US&fmt=vtt
81,YT10_Do_we_have_free_will_By_Dr_Hany_Atchan,https://www.youtube.com/watch?v=cxi-CSzFYbc,cxi-CSzFYbc,manual,https://www.youtube.com/api/timedtext?v=cxi-CSzFYbc&asr_langs=de%2Cen%2Ces%2Cfr%2Cid%2Cit%2Cja%2Cko%2Cnl%2Cpt%2Cru%2Ctr%2Cvi&caps=asr&exp=xftt%2Cxctw&xoaf=5&hl=en&ip=0.0.0.0&ipbits=0&expire=1638907195&sparams=ip%2Cipbits%2Cexpire%2Cv%2Casr_langs%2Ccaps%2Cexp%2Cxoaf&signature=46D62605E288E3B7BCA10A193B563629331C6111.8A04FD3E1EC0C568B8E0C0DAA0A127F0BB830309&key=yt8&lang=en-US&fmt=vtt
82,YT09_How_to_protect_Your_Intentions_By_Dr_Hany_Atchan,https://www.youtube.com/watch?v=YXjcZALy7yM,YXjcZALy7yM,manual,https://www.youtube.com/api/timedtext?v=YXjcZALy7yM&asr_langs=de%2Cen%2Ces%2Cfr%2Cid%2Cit%2Cja%2Cko%2Cnl%2Cpt%2Cru%2Ctr%2Cvi&caps=asr&exp=xftt%2Cxctw&xoaf=5&hl=en&ip=0.0.0.0&ipbits=0&expire=1638907196&sparams=ip%2Cipbits%2Cexpire%2Cv%2Casr_langs%2Ccaps%2Cexp%2Cxoaf&signature=E2DFEBFC0407FCEA51923A744A4AD52848AC8376.02F19D8837E4FAD926A68960C1E63C5B870DD706&key=yt8&lang=en-US&fmt=vtt
83,YT08_What_is_Your_Personal_Mission_Statement_by_Dr_Hany_Atchan,https://www.youtube.com/watch?v=vP6epCFVPZQ,vP6epCFVPZQ,manual,https://www.youtube.com/api/timedtext?v=vP6epCFVPZQ&asr_langs=de%2Cen%2Ces%2Cfr%2Cid%2Cit%2Cja%2Cko%2Cnl%2Cpt%2Cru%2Ctr%2Cvi&caps=asr&exp=xftt%2Cxctw&xoaf=5&hl=en&ip=0.0.0.0&ipbits=0&expire=1638907197&sparams=ip%2Cipbits%2Cexpire%2Cv%2Casr_langs%2Ccaps%2Cexp%2Cxoaf&signature=9CA762B388AE03D66F9AB8ECED1FC5CF1BC17D78.308757F67BFE1C0AFB6E1F91581E0EEDF0118802&key=yt8&lang=en-US&fmt=vtt
84,YT07_Can_You_Be_Successful_but_Unhappy_By_Dr_Hany_Atchan,https://www.youtube.com/watch?v=1FnVtWqfUK4,1FnVtWqfUK4,manual,https://www.youtube.com/api/timedtext?v=1FnVtWqfUK4&asr_langs=de%2Cen%2Ces%2Cfr%2Cid%2Cit%2Cja%2Cko%2Cnl%2Cpt%2Cru%2Ctr%2Cvi&caps=asr&exp=xftt%2Cxctw&xoaf=4&hl=en&ip=0.0.0.0&ipbits=0&expire=1638907198&sparams=ip%2Cipbits%2Cexpire%2Cv%2Casr_langs%2Ccaps%2Cexp%2Cxoaf&signature=EBB872A5E7CA752A638C98FC693D5EF0F5625B9E.971028D153CFB1B141245F73297417DE3D05560F&key=yt8&lang=en-US&fmt=vtt
85,YT06_Who_Enters_Paradise_according_to_the_Quran_by_Dr_Hany_Atchan,https://www.youtube.com/watch?v=m2OU5nbSCAE,m2OU5nbSCAE,manual,https://www.youtube.com/api/timedtext?v=m2OU5nbSCAE&asr_langs=de%2Cen%2Ces%2Cfr%2Cid%2Cit%2Cja%2Cko%2Cnl%2Cpt%2Cru%2Ctr%2Cvi&caps=asr&exp=xftt%2Cxctw&xoaf=5&hl=en&ip=0.0.0.0&ipbits=0&expire=1638907199&sparams=ip%2Cipbits%2Cexpire%2Cv%2Casr_langs%2Ccaps%2Cexp%2Cxoaf&signature=191D3638F76FFB389FA0733363A4B0589C04793D.6A6DA77C14175393A92D3B88A6D55FAC9C3A8FF6&key=yt8&lang=en-US&fmt=vtt
86,YT05_Do_you_know_how_to_liberate_your_mind_by_Dr_Hany_Atchan,https://www.youtube.com/watch?v=zIioAARlg-g,zIioAARlg-g,manual,https://www.youtube.com/api/timedtext?v=zIioAARlg-g&asr_langs=de%2Cen%2Ces%2Cfr%2Cid%2Cit%2Cja%2Cko%2Cnl%2Cpt%2Cru%2Ctr%2Cvi&caps=asr&exp=xftt%2Cxctw&xoaf=5&hl=en&ip=0.0.0.0&ipbits=0&expire=1638907200&sparams=ip%2Cipbits%2Cexpire%2Cv%2Casr_langs%2Ccaps%2Cexp%2Cxoaf&signature=6C499ED1BAD9ECE8FC2762196B91FE49D298A94C.7A13BAC24FF5A8DB3ED7E7FB0E1D6AD9CE4A6FB7&key=yt8&lang=en-US&fmt=vtt
87,YT04_Does_God_Speak_to_Us_Marvelous_Quran_by_Dr_Hany_Atchan,https://www.youtube.com/watch?v=4dzzjU5RL3E,4dzzjU5RL3E,manual,https://www.youtube.com/api/timedtext?v=4dzzjU5RL3E&asr_langs=de%2Cen%2Ces%2Cfr%2Cid%2Cit%2Cja%2Cko%2Cnl%2Cpt%2Cru%2Ctr%2Cvi&caps=asr&exp=xftt%2Cxctw&xoaf=4&hl=en&ip=0.0.0.0&ipbits=0&expire=1638907202&sparams=ip%2Cipbits%2Cexpire%2Cv%2Casr_langs%2Ccaps%2Cexp%2Cxoaf&signature=56C52B5274B3DFB3CBA499B2502C78AFB5015C5A.67A23D8C924F0D1AC71BFB712022D3AE1491552C&key=yt8&lang=en-US&fmt=vtt
88,YT03_Whom_Do_You_Worship_Marvelous_Quran_by_Dr_Hany_Atchan,https://www.youtube.com/watch?v=dRbh8lCn5WE,dRbh8lCn5WE,manual,https://www.youtube.com/api/timedtext?v=dRbh8lCn5WE&asr_langs=de%2Cen%2Ces%2Cfr%2Cid%2Cit%2Cja%2Cko%2Cnl%2Cpt%2Cru%2Ctr%2Cvi&caps=asr&exp=xftt%2Cxctw&xoaf=5&hl=en&ip=0.0.0.0&ipbits=0&expire=1638907203&sparams=ip%2Cipbits%2Cexpire%2Cv%2Casr_langs%2Ccaps%2Cexp%2Cxoaf&signature=5992CA0F275956E518F120FF6F76022A112FB9C5.733FF62B3BD17F99CFD46D87B7D3032F55A7CD8C&key=yt8&lang=en-US&fmt=vtt
89,YT02_Do_You_Know_The_Purpose_of_Life_According_to_the_Quran_by_Dr_Hany_Atchan,https://www.youtube.com/watch?v=RDHuRmPCLAY,RDHuRmPCLAY,manual,https://www.youtube.com/api/timedtext?v=RDHuRmPCLAY&asr_langs=de%2Cen%2Ces%2Cfr%2Cid%2Cit%2Cja%2Cko%2Cnl%2Cpt%2Cru%2Ctr%2Cvi&caps=asr&exp=xftt%2Cxctw&xoaf=5&hl=en&ip=0.0.0.0&ipbits=0&expire=1638907204&sparams=ip%2Cipbits%2Cexpire%2Cv%2Casr_langs%2Ccaps%2Cexp%2Cxoaf&signature=10571E1F1B58F22E96D6CC5799311580ADFE6E38.224A456ADFC0D732516062B3736C3D38ECB860AD&key=yt8&lang=en-US&fmt=vtt
90,YT01_What_is_the_Simplest_Scientific_Proof_that_God_exists_by_Dr_Hany_Atchan,https://www.youtube.com/watch?v=Xd__b9nenXc,Xd__b9nenXc,manual,https://www.youtube.com/api/timedtext?v=Xd__b9nenXc&asr_langs=de%2Cen%2Ces%2Cfr%2Cid%2Cit%2Cja%2Cko%2Cnl%2Cpt%2Cru%2Ctr%2Cvi&caps=asr&exp=xftt%2Cxctw&xoaf=5&hl=en&ip=0.0.0.0&ipbits=0&expire=1638907205&sparams=ip%2Cipbits%2Cexpire%2Cv%2Casr_langs%2Ccaps%2Cexp%2Cxoaf&signature=38DE47C9BD64554C1A3BDA96C49B93C3B106583D.5321DDF0F54FD4430C73C5AF60A7E64B31CD2EB4&key=yt8&lang=en-US&fmt=vtt
